id,eventID,url,type,format,description
2,4,https://npo-training.videoshowcase.net,training,link,"FredNats REQUIRED training"
4,5,https://npo-training.videoshowcase.net/login,training,link,"Required training for all volunteers who serve at the Fred Nats concession stand."
5,6,https://npo-training.videoshowcase.net/login,training,link,"Required training for all volunteers who serve at the Fred Nats concession stand."
6,7,https://npo-training.videoshowcase.net/login,training,link,"Required training for all volunteers who serve at the Fred Nats concession stand."
7,8,https://npo-training.videoshowcase.net/login,training,link,"Required training for all volunteers who serve at the Fred Nats concession stand."
8,9,https://npo-training.videoshowcase.net/login,training,link,"Required training for all volunteers who serve at the Fred Nats concession stand."
9,10,https://npo-training.videoshowcase.net/login,training,link,"Required training for all volunteers who serve at the Fred Nats concession stand."
10,11,https://npo-training.videoshowcase.net/login,training,link,"Required training for all volunteers who serve at the Fred Nats concession stand."
11,32,https://npo-training.videoshowcase.net/login,training,link,"TRAINING VIDEO"
12,35,"https://www.staffordsheriff.com/content/front/dare.cfm#:~:text=Stafford%20County%20DARE%20Day%20began%20at%20Winding%20Creek,had%20pledged%20to%20stay%20drug%20and%20violence%20free.",training,picture,"Map of event"
13,36,https://npo-training.videoshowcase.net/login,training,link,"TRAINING VIDEO"
14,44,https://npo-training.videoshowcase.net/login,training,link,"TRAINING VIDEO"
15,45,https://npo-training.videoshowcase.net/login,training,link,"TRAINING VIDEO"
16,48,https://npo-training.videoshowcase.net/login,training,link,"TRAINING VIDEO"
17,49,https://npo-training.videoshowcase.net/login,training,link,"TRAINING VIDEO"
18,50,https://npo-training.videoshowcase.net/login,training,link,"TRAINING VIDEO"
19,51,https://npo-training.videoshowcase.net/login,training,link,"TRAINING VIDEO"
20,52,https://npo-training.videoshowcase.net/login,training,link,"TRAINING VIDEO"
